PassengerId,Transported
0005_01,True
0007_01,True
0009_01,False
0014_01,False
0020_01,True
0020_03,True
0020_06,False
0026_01,False
0045_02,False
0064_01,True
0067_03,True
0068_01,True
0070_01,False
0071_01,False
0072_01,True
0078_01,False
0085_01,False
0088_01,False
0102_01,False
0103_01,True
0103_02,True
0108_02,True
0112_01,True
0123_01,True
0136_01,True
0138_02,False
0140_01,False
0152_01,True
0160_01,True
0164_01,True
0164_02,False
0165_01,False
0169_01,False
0177_01,False
0179_02,False
0183_01,False
0190_01,True
0193_01,False
0193_02,True
0193_03,False
0207_01,False
0211_02,True
0211_03,False
0213_01,False
0220_04,True
0220_05,True
0220_06,True
0221_06,True
0223_01,True
0234_01,False
0237_01,False
0243_01,True
0244_02,False
0245_01,True
0253_01,False
0254_01,True
0255_01,False
0257_01,True
0257_02,False
0258_01,True
0260_01,False
0265_01,False
0269_01,False
0270_01,True
0278_02,False
0282_01,False
0287_02,False
0290_01,False
0302_01,False
0321_01,True
0322_01,True
0336_01,False
0345_01,True
0346_01,False
0352_01,True
0359_01,False
0360_01,True
0371_01,True
0373_01,False
0378_05,True
0380_01,True
0382_01,True
0383_02,False
0402_01,True
0403_01,True
0407_02,False
0410_01,True
0411_01,True
0417_02,False
0429_01,True
0434_01,False
0435_01,True
0436_02,False
0439_01,True
0445_02,False
0446_01,False
0448_02,True
0454_02,False
0457_01,False
0457_03,False
0459_01,False
0463_01,True
0463_02,True
0465_02,True
0470_01,False
0471_01,True
0476_01,True
0498_01,True
0499_02,False
0503_01,True
0503_02,False
0512_02,False
0515_01,False
0522_01,True
0539_04,True
0539_05,True
0545_01,False
0548_01,True
0552_01,False
0553_01,False
0559_01,True
0560_01,True
0564_02,False
0568_01,True
0570_01,True
0571_07,True
0576_01,True
0583_01,True
0587_01,True
0590_01,False
0596_01,True
0600_01,False
0607_01,False
0607_02,True
0607_03,False
0611_01,False
0615_01,False
0615_02,False
0615_03,False
0618_01,False
0618_02,False
0619_01,True
0629_01,False
0631_01,False
0633_01,True
0635_01,False
0638_01,False
0653_01,True
0657_02,False
0665_02,True
0669_01,False
0671_01,False
0680_01,True
0680_03,True
0682_01,False
0685_01,False
0686_02,True
0693_01,True
0704_01,False
0705_01,True
0709_01,True
0709_03,True
0714_04,False
0719_01,True
0743_01,False
0753_03,False
0756_01,True
0757_01,False
0762_01,True
0768_02,False
0770_04,True
0770_06,False
0771_01,True
0772_03,False
0782_01,True
0784_01,False
0785_01,False
0789_02,False
0795_01,False
0802_01,False
0808_01,True
0809_04,False
0811_03,False
0819_01,False
0824_01,True
0830_01,True
0833_01,True
0834_01,False
0839_01,False
0849_02,False
0863_03,False
0865_01,True
0871_01,False
0874_01,False
0885_02,True
0901_01,False
0915_01,True
0921_01,True
0922_01,True
0923_02,False
0925_03,True
0926_01,False
0926_02,True
0927_01,False
0928_01,False
0938_01,True
0940_01,False
0942_01,True
0944_02,False
0946_01,False
0964_02,False
0966_01,False
0969_01,False
0970_01,True
0975_01,False
0982_01,False
0988_01,True
0989_01,True
0991_01,False
0992_02,False
0992_04,True
0992_06,True
1000_01,True
1001_01,True
1002_02,False
1008_02,True
1011_01,True
1013_01,False
1017_01,False
1024_02,False
1025_01,False
1026_01,True
1027_03,False
1032_01,True
1036_01,False
1043_01,True
1049_01,True
1049_02,False
1053_01,True
1082_01,False
1086_01,True
1088_01,True
1093_01,True
1097_01,True
1099_01,True
1105_01,True
1110_02,True
1113_01,False
1114_01,True
1132_01,False
1144_02,True
1148_01,True
1148_05,True
1148_06,True
1149_04,True
1149_05,True
1153_01,True
1154_01,False
1154_02,False
1163_01,True
1165_01,True
1166_01,False
1174_01,True
1177_01,True
1182_02,True
1186_05,False
1211_03,False
1216_01,False
1225_01,False
1228_02,False
1231_01,True
1233_01,False
1242_01,False
1254_01,True
1258_01,True
1264_01,False
1271_01,False
1279_01,True
1280_01,True
1287_01,True
1289_01,True
1291_01,True
1294_02,False
1304_02,True
1304_03,True
1304_05,True
1308_04,True
1322_01,False
1326_01,False
1330_01,False
1331_01,False
1333_01,True
1335_01,False
1348_02,False
1350_01,False
1353_02,False
1357_01,True
1365_01,False
1371_01,False
1378_02,False
1384_01,True
1384_02,False
1384_03,False
1385_01,True
1406_01,False
1408_01,True
1413_01,False
1415_01,False
1423_02,False
1424_04,False
1425_02,False
1427_01,False
1428_01,True
1433_01,False
1439_02,False
1442_01,False
1452_02,True
1452_03,True
1455_05,False
1457_01,False
1478_01,True
1481_01,False
1484_01,True
1488_01,True
1491_01,True
1491_03,False
1500_06,False
1503_02,True
1511_03,False
1515_01,False
1521_01,True
1527_02,False
1539_01,True
1540_03,True
1562_01,True
1564_01,True
1565_01,True
1569_01,False
1577_01,False
1585_01,True
1590_02,False
1594_01,False
1615_02,False
1615_03,False
1624_03,True
1625_01,True
1628_01,False
1633_01,False
1635_01,True
1651_03,False
1656_01,True
1659_01,False
1661_01,False
1671_01,False
1673_01,False
1682_01,True
1685_02,True
1688_03,True
1696_01,False
1709_01,True
1709_04,True
1711_01,False
1712_02,True
1727_01,False
1728_01,False
1738_01,False
1742_01,True
1761_01,False
1762_02,False
1763_01,True
1766_01,True
1767_02,False
1767_04,False
1768_01,False
1772_01,True
1798_01,True
1799_01,False
1800_03,False
1804_01,False
1810_01,False
1811_01,False
1816_01,True
1817_01,True
1823_01,False
1829_04,True
1829_06,True
1843_01,True
1844_01,False
1844_02,True
1844_03,False
1846_01,False
1847_01,False
1849_01,False
1854_01,True
1856_01,False
1861_02,True
1868_01,True
1886_01,True
1890_01,True
1892_01,True
1892_02,True
1892_03,True
1899_01,True
1902_01,True
1918_01,False
1923_02,True
1925_01,False
1926_01,True
1927_01,True
1931_01,True
1935_01,False
1939_02,True
1947_01,False
1950_01,True
1956_02,False
1960_01,False
1960_02,False
1967_01,True
1974_01,False
1976_01,True
1976_02,False
1976_05,True
1980_02,False
1980_03,True
1983_01,False
1996_01,False
2003_01,False
2006_01,True
2007_01,False
2009_02,True
2011_01,False
2019_01,True
2026_01,True
2026_02,True
2027_01,True
2038_01,False
2045_01,False
2056_01,False
2065_01,True
2067_02,False
2071_01,False
2075_01,False
2082_01,False
2088_02,False
2089_01,False
2092_04,True
2100_01,False
2104_01,True
2104_02,False
2117_01,False
2125_01,True
2127_01,False
2128_01,True
2135_02,False
2136_01,True
2142_01,False
2145_01,False
2158_01,True
2171_02,False
2175_01,False
2180_01,True
2196_03,True
2198_01,False
2200_01,False
2205_01,False
2206_01,True
2210_01,True
2215_03,False
2219_01,False
2224_01,True
2232_02,True
2233_01,True
2234_01,False
2234_06,False
2234_07,True
2256_01,True
2257_02,False
2261_01,True
2268_01,False
2272_03,False
2273_01,False
2279_01,False
2281_01,True
2282_01,False
2284_01,False
2289_01,True
2291_01,True
2291_02,True
2301_03,True
2306_01,True
2306_03,True
2309_01,True
2310_02,True
2313_01,False
2317_01,True
2319_01,False
2320_01,False
2332_01,True
2336_02,False
2338_02,False
2353_01,False
2353_02,False
2357_01,False
2364_01,False
2367_01,True
2374_01,False
2377_01,False
2379_01,False
2384_01,False
2384_04,False
2389_01,True
2396_01,False
2404_01,False
2404_03,True
2409_01,False
2410_01,False
2426_01,False
2427_01,False
2429_01,False
2439_01,True
2446_01,False
2449_03,False
2451_01,False
2456_01,True
2457_01,True
2467_01,False
2471_01,False
2478_01,True
2492_01,True
2499_01,False
2500_01,False
2506_01,False
2508_01,True
2509_01,False
2519_01,True
2520_01,False
2521_01,False
2522_01,True
2532_02,True
2537_01,True
2542_01,True
2549_01,False
2549_02,True
2552_01,False
2558_01,True
2558_02,True
2560_01,True
2560_03,True
2564_01,True
2571_01,True
2573_01,True
2580_01,True
2592_01,False
2595_03,False
2596_02,True
2597_01,True
2601_01,False
2607_01,False
2607_03,True
2618_01,True
2626_01,True
2629_01,True
2634_01,True
2635_01,False
2638_01,True
2641_01,True
2645_01,True
2646_01,True
2649_01,False
2660_01,True
2661_02,False
2663_01,False
2668_02,False
2670_01,True
2679_01,False
2684_01,False
2690_01,False
2691_01,True
2692_01,False
2701_01,True
2707_01,False
2707_02,True
2709_02,False
2709_03,True
2709_04,False
2720_01,True
2721_01,True
2723_02,True
2724_01,False
2729_01,False
2730_02,True
2732_01,True
2737_02,True
2741_01,True
2743_01,True
2747_01,True
2752_03,False
2753_01,False
2754_01,True
2758_01,False
2759_01,False
2762_02,False
2768_02,False
2768_03,True
2772_01,True
2778_02,False
2788_01,True
2789_01,True
2790_03,False
2790_04,True
2792_01,True
2806_01,False
2807_03,False
2809_01,False
2818_03,True
2821_01,False
2822_01,True
2822_04,True
2825_01,True
2826_01,False
2858_02,False
2861_01,True
2871_01,False
2871_02,False
2872_01,False
2875_01,True
2877_01,False
2882_01,True
2883_01,True
2888_01,True
2892_01,False
2892_02,False
2892_03,False
2901_01,True
2908_01,True
2913_01,True
2919_02,True
2926_01,True
2934_01,True
2935_01,False
2936_01,True
2943_01,True
2948_01,True
2949_01,False
2953_01,False
2956_01,True
2961_01,True
2966_01,False
2975_01,False
2979_01,False
2992_01,True
2996_01,True
3001_02,True
3004_02,True
3009_01,True
3012_01,False
3013_01,False
3023_01,True
3025_01,True
3030_01,False
3039_01,True
3050_01,False
3053_01,False
3054_01,True
3063_01,True
3064_01,False
3068_01,True
3079_01,True
3093_01,False
3099_01,False
3100_01,True
3100_03,True
3102_01,False
3103_01,True
3112_01,False
3114_01,False
3119_01,True
3124_02,False
3128_01,False
3136_01,False
3147_01,True
3161_01,False
3162_01,True
3163_01,True
3164_01,True
3166_01,True
3172_01,True
3174_02,False
3182_01,True
3184_02,False
3188_01,True
3189_01,False
3189_02,True
3191_01,False
3195_01,True
3203_01,True
3210_02,False
3210_03,False
3211_01,False
3218_01,False
3224_01,False
3236_03,False
3237_03,False
3238_01,True
3253_01,False
3255_01,True
3259_01,False
3279_02,False
3279_04,True
3282_02,False
3283_02,True
3283_03,True
3287_01,False
3289_01,False
3292_04,True
3304_01,True
3309_01,True
3312_01,True
3313_01,True
3318_02,True
3318_04,True
3318_05,False
3323_01,False
3324_02,True
3332_01,False
3332_02,False
3337_01,False
3337_03,True
3339_01,False
3342_01,False
3343_01,False
3349_01,True
3353_03,True
3357_01,False
3363_01,True
3364_01,True
3371_01,False
3381_01,False
3382_01,True
3383_01,False
3384_02,True
3386_01,True
3389_01,True
3392_02,True
3392_04,False
3397_01,True
3401_01,True
3405_01,False
3405_03,False
3412_02,False
3417_01,True
3418_01,True
3419_01,True
3421_01,False
3422_02,False
3430_01,True
3439_01,True
3450_01,True
3450_02,True
3454_01,False
3469_01,True
3470_02,False
3475_02,False
3476_03,False
3485_02,False
3496_02,True
3497_01,True
3499_03,False
3515_01,True
3519_03,True
3521_02,True
3531_02,False
3537_01,False
3553_01,True
3556_01,False
3558_02,True
3559_01,True
3561_01,False
3565_01,True
3566_01,False
3567_01,False
3570_01,False
3582_01,True
3594_01,True
3595_01,True
3600_01,True
3607_01,True
3608_01,False
3608_03,False
3609_01,False
3610_01,True
3614_01,True
3616_01,False
3620_01,False
3629_01,True
3641_02,False
3641_03,True
3653_01,True
3655_01,True
3664_01,False
3668_01,False
3679_01,True
3699_03,False
3703_02,False
3706_02,False
3707_01,False
3707_02,False
3708_01,True
3713_01,False
3715_04,False
3726_01,True
3729_01,False
3732_01,False
3732_04,False
3734_01,True
3735_01,True
3735_02,True
3741_01,False
3743_01,True
3747_02,True
3752_01,True
3755_01,False
3758_01,False
3758_02,True
3761_01,True
3768_01,True
3770_01,True
3775_02,False
3776_01,False
3783_01,True
3784_01,False
3786_01,True
3793_01,False
3796_01,False
3805_01,False
3818_01,True
3839_01,True
3842_01,True
3849_01,False
3850_04,True
3850_05,True
3854_01,False
3867_01,False
3872_01,False
3873_01,True
3874_01,False
3875_01,False
3879_01,False
3886_01,True
3903_01,True
3903_04,False
3911_02,True
3913_02,False
3916_02,False
3919_01,False
3928_02,True
3938_01,False
3944_01,True
3958_01,False
3962_01,True
3966_02,False
3967_01,False
3984_01,True
3986_02,True
3988_01,True
3994_01,False
3995_05,True
4001_02,False
4001_05,False
4001_06,True
4003_01,True
4005_04,False
4005_06,False
4006_05,True
4009_01,False
4016_01,False
4017_01,True
4017_04,False
4018_01,True
4026_01,False
4030_01,False
4031_02,True
4032_01,False
4037_01,False
4042_02,True
4042_03,True
4045_01,True
4061_02,False
4061_03,False
4066_02,False
4071_01,False
4102_01,False
4109_01,True
4113_02,True
4116_01,False
4128_01,True
4128_02,False
4134_01,True
4137_01,True
4143_01,False
4154_01,True
4172_04,False
4172_05,True
4172_06,True
4172_07,False
4174_01,False
4177_03,True
4179_02,True
4181_04,False
4188_01,False
4189_01,False
4191_01,False
4197_02,False
4204_03,True
4207_02,True
4210_02,False
4214_01,False
4218_01,False
4219_02,False
4229_01,True
4239_01,True
4240_01,True
4253_01,True
4254_01,False
4254_03,True
4256_05,False
4256_06,True
4258_01,False
4258_02,True
4258_03,True
4267_02,True
4271_01,True
4274_01,True
4278_01,False
4291_01,True
4295_02,False
4296_01,False
4305_01,False
4305_02,False
4309_01,True
4315_01,True
4315_02,True
4320_01,True
4329_01,True
4336_04,False
4339_01,False
4357_01,False
4369_01,True
4371_02,True
4371_03,False
4371_04,True
4371_05,True
4382_01,True
4392_01,True
4396_01,True
4422_02,False
4424_01,False
4426_01,False
4430_01,False
4432_01,False
4436_01,False
4438_01,True
4444_01,False
4446_04,False
4450_01,True
4461_01,True
4464_01,True
4475_02,True
4476_01,False
4479_01,False
4482_01,False
4485_01,False
4491_01,True
4496_01,False
4498_01,False
4498_05,False
4498_07,True
4508_03,True
4515_01,False
4517_01,True
4522_01,False
4535_01,False
4535_02,True
4539_01,True
4539_02,True
4547_01,False
4550_01,False
4557_01,True
4568_01,False
4569_01,True
4570_01,False
4572_01,True
4574_01,False
4581_02,False
4587_01,True
4591_01,False
4593_01,False
4594_01,True
4594_02,True
4603_02,True
4622_01,False
4625_03,True
4632_02,False
4633_01,False
4638_01,False
4657_01,False
4661_07,True
4662_01,True
4662_03,False
4663_03,False
4664_01,False
4667_01,False
4678_01,False
4684_01,True
4690_01,True
4693_02,True
4713_01,True
4723_02,False
4725_01,False
4726_04,False
4726_05,True
4728_02,True
4732_01,False
4732_02,True
4732_03,False
4739_01,True
4750_01,True
4750_02,False
4752_01,False
4754_01,True
4759_01,True
4770_01,True
4773_01,True
4775_01,True
4780_01,False
4792_01,True
4796_02,False
4797_01,False
4804_02,True
4807_01,False
4810_01,False
4813_01,False
4814_01,True
4818_01,True
4822_04,False
4823_01,True
4837_01,False
4846_01,True
4847_01,False
4853_01,True
4870_01,False
4875_01,False
4878_01,True
4879_01,False
4887_01,True
4889_01,True
4891_01,True
4893_01,True
4895_01,False
4896_01,True
4904_01,False
4910_01,False
4911_01,True
4912_01,True
4918_01,True
4920_01,True
4930_02,True
4933_02,True
4933_04,True
4934_01,False
4940_01,False
4943_01,True
4944_02,True
4946_01,True
4970_01,True
4972_01,True
4973_02,False
4974_02,True
4975_03,False
4978_01,False
4980_03,False
4981_01,False
4990_01,False
4991_01,True
4996_01,False
5006_01,True
5008_01,False
5009_01,False
5010_01,True
5014_01,False
5014_02,True
5015_01,False
5018_01,False
5019_01,False
5020_01,True
5040_01,True
5042_01,False
5048_01,False
5050_01,True
5052_02,False
5058_01,False
5060_01,False
5060_03,True
5061_02,False
5063_01,False
5065_01,True
5083_01,False
5084_01,True
5084_02,True
5089_02,True
5103_01,True
5105_01,False
5111_02,False
5115_02,True
5116_01,True
5116_02,False
5120_01,False
5122_01,True
5127_01,False
5137_01,True
5138_01,True
5140_01,False
5142_04,False
5144_01,True
5152_01,True
5157_01,True
5160_01,False
5162_02,True
5177_01,False
5180_01,False
5188_03,False
5196_02,False
5199_01,False
5201_01,True
5208_01,True
5217_02,True
5218_01,True
5221_01,False
5223_03,True
5242_01,True
5246_02,True
5251_01,False
5253_01,True
5254_02,True
5262_01,True
5275_01,True
5277_01,False
5291_01,True
5299_01,True
5304_02,True
5305_01,True
5307_01,False
5326_01,False
5334_02,False
5340_01,False
5343_01,True
5345_01,False
5347_01,False
5354_01,False
5368_01,True
5372_01,True
5384_02,True
5395_01,False
5410_01,True
5413_01,False
5416_01,False
5431_01,False
5434_01,False
5435_01,False
5436_01,True
5438_01,False
5445_01,False
5452_01,False
5465_02,True
5465_03,False
5466_03,True
5467_01,True
5468_01,True
5471_01,False
5474_01,False
5485_01,True
5491_01,True
5501_01,True
5512_01,False
5514_01,False
5515_01,True
5524_01,True
5526_01,True
5527_01,False
5527_02,True
5529_01,True
5535_02,False
5536_01,False
5545_01,False
5545_02,False
5546_01,False
5552_01,False
5559_01,False
5566_01,False
5568_02,False
5573_01,True
5578_01,True
5580_01,False
5582_01,True
5585_01,False
5592_01,True
5601_01,False
5601_04,False
5616_01,True
5622_01,True
5623_01,True
5643_02,True
5643_03,True
5647_01,True
5647_03,False
5648_02,True
5651_01,True
5652_01,False
5659_01,False
5663_01,True
5671_01,True
5679_01,True
5684_03,False
5686_02,True
5687_01,True
5696_01,False
5701_01,True
5704_01,True
5706_01,True
5706_02,False
5716_01,True
5717_01,True
5718_01,False
5719_01,False
5736_01,False
5739_01,True
5744_01,False
5746_01,True
5755_01,False
5756_05,True
5765_01,False
5768_02,False
5776_01,True
5778_01,False
5780_02,True
5786_01,True
5788_01,False
5804_01,True
5808_02,False
5811_02,False
5812_03,False
5812_06,True
5814_06,False
5816_01,False
5818_01,False
5824_01,True
5825_01,True
5831_01,True
5835_01,True
5843_01,False
5844_01,True
5847_01,False
5855_01,False
5857_01,False
5858_01,True
5860_02,True
5861_01,False
5868_01,True
5874_01,False
5876_01,True
5876_02,False
5877_01,False
5885_05,False
5887_01,False
5900_01,True
5902_01,False
5909_03,False
5913_01,False
5925_02,True
5927_01,False
5927_02,False
5930_01,False
5933_01,True
5938_02,False
5939_01,False
5944_01,False
5947_01,True
5955_01,True
5956_01,False
5965_01,False
5969_02,False
5977_03,False
5980_01,False
5981_03,False
5983_01,False
5984_01,False
5984_02,True
5985_01,True
5987_01,False
5988_01,True
5993_01,False
6000_01,False
6014_01,False
6016_02,True
6020_07,True
6027_01,True
6028_03,True
6030_04,False
6030_05,False
6033_01,True
6034_02,True
6039_02,False
6041_01,False
6047_01,False
6055_03,False
6061_01,False
6062_01,False
6064_01,False
6066_03,True
6067_01,True
6068_01,False
6071_01,False
6075_01,False
6076_01,True
6080_01,True
6092_01,False
6094_02,False
6096_03,False
6098_01,True
6103_01,True
6111_05,False
6118_01,True
6118_02,False
6121_01,False
6121_02,False
6137_02,False
6143_01,True
6149_01,True
6150_01,False
6155_01,True
6156_01,True
6157_01,True
6162_01,False
6163_01,False
6166_01,False
6171_01,True
6174_03,False
6175_02,False
6176_01,False
6199_02,True
6200_01,True
6201_01,True
6207_01,False
6223_01,False
6227_01,True
6236_01,True
6237_01,True
6239_01,True
6241_01,True
6243_01,True
6251_01,False
6252_01,False
6253_02,False
6254_02,True
6263_01,True
6264_01,False
6266_01,True
6274_01,True
6279_01,True
6283_01,True
6283_02,True
6299_01,False
6300_01,False
6302_01,False
6302_02,False
6309_01,True
6309_03,False
6313_01,True
6318_01,False
6322_01,False
6323_01,True
6323_02,True
6328_04,False
6334_01,True
6334_04,False
6334_07,False
6339_01,True
6340_01,True
6340_02,False
6341_01,False
6346_02,True
6353_01,True
6363_01,True
6367_01,True
6370_01,False
6371_01,True
6374_01,True
6381_01,True
6390_01,True
6397_01,False
6400_02,True
6402_02,False
6402_04,True
6405_02,False
6405_03,False
6406_02,False
6407_01,True
6414_01,True
6421_01,False
6421_02,False
6422_03,True
6424_01,False
6436_01,True
6442_01,True
6443_03,False
6446_03,True
6447_01,False
6453_01,False
6461_01,False
6472_01,True
6475_01,True
6477_01,True
6480_01,False
6482_02,True
6485_02,True
6490_01,False
6490_02,True
6490_04,False
6503_01,True
6511_01,False
6511_02,False
6514_02,True
6517_01,False
6523_01,False
6526_02,False
6530_01,False
6531_01,True
6535_01,False
6540_01,False
6547_01,True
6549_01,False
6552_01,True
6561_02,False
6562_01,False
6563_01,True
6578_02,True
6593_01,True
6602_01,True
6603_01,False
6606_01,True
6611_03,False
6628_01,True
6630_01,True
6635_01,True
6635_02,True
6637_01,False
6642_01,True
6647_01,False
6649_01,False
6671_01,True
6671_03,True
6672_02,False
6672_04,True
6684_03,True
6691_01,False
6693_01,True
6708_02,False
6708_06,True
6729_01,False
6729_02,False
6729_03,True
6731_01,False
6734_03,False
6741_02,True
6746_01,False
6747_01,True
6748_02,True
6753_02,True
6754_01,True
6761_01,False
6764_01,False
6766_03,False
6774_03,False
6779_01,False
6779_02,False
6787_01,False
6787_03,True
6787_04,False
6787_05,True
6787_07,True
6799_01,False
6802_01,True
6805_01,True
6810_04,True
6816_06,False
6818_01,False
6821_01,False
6825_02,True
6827_03,True
6839_01,False
6841_01,True
6848_01,False
6858_02,False
6863_01,True
6866_01,True
6882_01,True
6889_01,False
6894_01,True
6894_02,False
6896_01,True
6896_02,True
6896_03,True
6900_01,False
6902_01,True
6905_03,False
6906_01,False
6908_01,False
6910_01,False
6912_01,False
6918_01,False
6920_01,False
6924_01,False
6926_01,False
6928_01,False
6928_02,True
6929_02,False
6930_01,False
6934_02,False
6937_01,True
6946_01,False
6947_02,True
6949_01,False
6951_01,False
6951_02,False
6954_01,True
6960_01,True
6973_01,False
6978_01,True
6979_01,False
6981_01,False
6985_01,False
6994_02,True
7004_01,True
7007_01,False
7011_01,False
7013_01,True
7019_02,True
7026_01,False
7032_01,True
7052_01,True
7058_01,False
7059_01,False
7060_01,False
7062_01,True
7080_01,True
7082_01,True
7087_01,True
7091_01,False
7096_01,False
7096_03,True
7097_02,True
7098_01,True
7104_02,True
7109_01,True
7120_01,False
7121_02,True
7126_01,False
7128_03,True
7133_01,True
7134_01,False
7137_01,False
7142_01,False
7148_01,False
7149_01,False
7156_01,False
7159_01,True
7160_01,True
7165_01,True
7167_01,False
7168_01,True
7171_01,True
7176_01,False
7180_01,False
7186_01,False
7186_02,True
7188_02,False
7188_03,True
7189_01,True
7191_01,False
7202_01,True
7203_01,True
7205_01,False
7206_01,True
7207_01,True
7208_01,True
7210_01,True
7216_01,True
7217_01,True
7219_01,True
7219_05,True
7225_01,False
7235_01,True
7240_02,True
7246_01,True
7249_02,True
7250_01,True
7257_02,False
7268_01,False
7274_01,False
7277_01,True
7283_01,False
7290_03,True
7296_01,False
7298_01,True
7301_01,True
7302_01,True
7338_01,False
7339_01,False
7350_01,False
7356_02,False
7376_01,False
7385_01,False
7387_01,False
7390_01,True
7392_01,True
7395_01,False
7395_02,True
7396_03,False
7399_01,True
7401_01,True
7402_01,True
7419_01,False
7428_01,True
7437_03,False
7438_01,False
7442_02,False
7452_02,False
7456_01,False
7462_01,False
7477_01,False
7483_01,True
7485_01,False
7488_02,False
7494_01,True
7499_01,False
7503_01,True
7514_01,True
7517_01,False
7521_01,False
7531_02,False
7535_01,True
7538_02,True
7560_01,True
7561_01,False
7567_01,True
7579_01,True
7585_01,True
7606_01,False
7620_01,False
7632_01,False
7643_01,True
7649_01,True
7656_01,False
7680_01,False
7698_01,False
7702_01,True
7703_02,False
7708_01,False
7709_01,True
7710_01,False
7719_01,True
7721_01,False
7741_01,True
7743_01,False
7749_01,True
7753_01,True
7760_01,False
7778_02,True
7782_01,False
7782_02,True
7783_01,True
7788_01,False
7789_01,False
7809_02,False
7830_01,True
7830_03,False
7831_01,False
7833_01,True
7835_01,True
7841_01,False
7856_01,True
7858_03,True
7861_01,False
7865_01,True
7865_02,False
7872_01,True
7872_02,False
7872_04,True
7875_01,True
7879_01,True
7883_01,True
7888_01,True
7897_01,False
7899_01,False
7903_01,True
7914_02,True
7920_01,False
7943_01,True
7945_01,True
7950_01,False
7968_01,False
7972_02,True
7982_01,False
7984_01,False
7985_01,True
7986_01,True
7993_02,False
8004_01,False
8005_02,True
8012_01,True
8012_02,False
8012_03,True
8014_01,True
8015_02,False
8015_03,True
8018_01,False
8021_01,True
8023_01,True
8023_02,False
8034_02,True
8037_01,False
8038_01,True
8046_01,True
8050_03,False
8060_01,False
8066_01,False
8068_01,False
8069_01,False
8072_01,True
8072_02,False
8075_01,True
8079_01,True
8081_01,True
8083_01,True
8087_01,True
8097_01,True
8098_02,False
8103_01,False
8105_01,False
8117_03,False
8120_01,True
8121_01,False
8129_01,True
8130_02,True
8131_01,False
8133_01,True
8136_02,False
8137_01,True
8138_01,True
8144_01,True
8147_03,True
8150_03,True
8153_01,False
8157_05,False
8159_01,True
8165_01,True
8168_03,False
8173_01,True
8202_01,False
8202_04,False
8202_06,True
8204_01,True
8207_01,True
8208_01,True
8211_01,True
8213_01,False
8222_02,False
8225_01,False
8226_03,False
8227_01,True
8233_01,False
8235_01,True
8238_01,False
8242_01,True
8244_01,False
8247_01,False
8251_01,True
8252_01,False
8254_01,True
8277_01,True
8281_01,False
8282_01,True
8288_02,False
8289_01,True
8292_01,True
8294_01,False
8297_01,True
8298_01,False
8300_01,True
8303_01,True
8306_03,True
8307_01,True
8315_01,True
8322_01,True
8334_01,True
8338_02,False
8360_01,True
8362_01,False
8363_01,False
8366_01,True
8366_05,False
8369_02,True
8374_01,False
8383_03,False
8383_04,False
8383_05,True
8383_07,True
8390_01,False
8392_01,True
8398_01,False
8406_01,False
8416_01,False
8418_01,False
8427_01,True
8431_01,True
8438_01,False
8444_01,True
8449_01,False
8452_03,False
8457_01,True
8458_03,False
8458_05,False
8472_01,False
8476_01,False
8479_01,True
8483_01,False
8511_01,True
8524_01,False
8528_01,True
8540_01,True
8542_01,False
8548_01,True
8552_01,True
8552_02,False
8556_01,False
8560_01,True
8569_01,False
8574_03,True
8574_05,False
8581_01,False
8584_01,False
8587_01,True
8594_01,False
8596_01,True
8604_01,False
8604_02,True
8605_03,False
8605_04,True
8605_05,False
8606_01,True
8613_01,True
8615_01,True
8615_02,False
8618_02,True
8620_01,True
8626_01,True
8628_01,True
8631_01,True
8633_01,False
8637_02,False
8637_03,False
8639_01,True
8641_02,True
8643_01,False
8645_01,False
8646_03,True
8646_04,False
8657_01,True
8668_03,False
8669_01,False
8671_01,True
8673_01,False
8691_01,False
8703_01,True
8704_02,True
8719_03,True
8728_03,True
8732_01,True
8733_01,False
8735_01,True
8741_02,True
8751_01,True
8753_01,True
8771_01,True
8773_01,False
8779_01,True
8780_01,True
8786_01,False
8796_02,False
8796_08,False
8798_01,True
8802_01,False
8816_04,False
8819_01,False
8824_01,False
8825_01,True
8826_03,True
8831_01,False
8835_01,True
8843_01,True
8852_01,True
8856_01,True
8860_04,False
8862_05,True
8867_01,True
8868_01,False
8881_01,True
8885_01,False
8892_01,True
8896_01,False
8907_01,False
8910_01,True
8919_01,False
8923_01,True
8932_01,False
8940_01,True
8944_02,True
8956_04,True
8959_01,False
8961_05,True
8964_02,False
8969_01,True
8975_01,False
8978_01,True
8983_01,False
8985_01,False
8986_01,False
8988_07,True
8989_04,False
8996_01,False
8998_01,True
8998_02,False
9003_01,False
9012_01,True
9024_01,True
9026_01,False
9034_01,False
9036_01,False
9042_01,False
9048_01,False
9052_01,False
9052_02,True
9069_05,False
9071_01,True
9073_02,True
9077_02,False
9080_01,False
9085_01,True
9097_01,True
9111_01,False
9118_02,False
9125_02,False
9129_01,True
9131_01,True
9132_01,True
9132_02,True
9137_01,False
9149_01,True
9149_02,False
9157_03,False
9157_07,False
9168_01,False
9172_01,False
9181_01,False
9192_01,False
9193_01,False
9194_01,True
9195_02,False
9202_01,False
9205_03,False
9213_01,True
9217_01,False
9220_02,True
9225_01,True
9227_01,False
9227_02,False
9227_03,False
9227_04,True
9231_01,True
9235_01,False
9239_01,False
9244_01,False
9246_01,True
9250_01,False
9257_01,False
9268_01,True
9270_01,True
9272_02,False
9274_01,False
9280_01,True
